subj_id,group,session,filter,trial,staircase_id,pair_name,level,response,correct,rt,reversal_count
JYPark,1,1,no_filter,1,orange-yellow_sc1,orange-yellow,0.35,different,1,0.6275,0
JYPark,1,1,no_filter,2,red-cyan_sc0,red-cyan,0.65,different,1,0.4421,0
JYPark,1,1,no_filter,3,yellow-green_sc1,yellow-green,0.35,different,1,0.5971,0
JYPark,1,1,no_filter,4,red-cyan_sc0,red-cyan,0.5,different,1,0.3566,0
JYPark,1,1,no_filter,5,blue-purple_sc1,blue-purple,0.35,different,1,0.2862,0
JYPark,1,1,no_filter,6,green-blue_sc0,green-blue,0.65,different,1,0.2881,0
JYPark,1,1,no_filter,7,green-blue_sc1,green-blue,0.35,different,1,0.24,0
JYPark,1,1,no_filter,8,yellow-purple_sc0,yellow-purple,0.65,different,1,0.2617,0
JYPark,1,1,no_filter,9,blue-purple_sc1,blue-purple,0.2,different,1,0.2229,0
JYPark,1,1,no_filter,10,red-cyan_sc1,red-cyan,0.35,different,1,0.2415,0
JYPark,1,1,no_filter,11,cyan-magenta_sc1,cyan-magenta,0.35,different,1,0.2302,0
JYPark,1,1,no_filter,12,red-cyan_sc0,red-cyan,0.35,different,1,0.2192,0
JYPark,1,1,no_filter,13,blue-purple_sc0,blue-purple,0.65,different,1,0.2026,0
JYPark,1,1,no_filter,14,orange-yellow_sc0,orange-yellow,0.65,different,1,0.2395,0
JYPark,1,1,no_filter,15,cyan-magenta_sc1,cyan-magenta,0.2,different,1,0.1589,0
JYPark,1,1,no_filter,16,yellow-purple_sc0,yellow-purple,0.5,different,1,0.2412,0
JYPark,1,1,no_filter,17,cyan-magenta_sc0,cyan-magenta,0.65,different,1,0.3073,0
JYPark,1,1,no_filter,18,green-blue_sc1,green-blue,0.2,different,1,0.228,0
JYPark,1,1,no_filter,19,orange-yellow_sc1,orange-yellow,0.2,different,1,0.2165,0
JYPark,1,1,no_filter,20,cyan-magenta_sc1,cyan-magenta,0.05,different,1,0.5073,0
JYPark,1,1,no_filter,21,blue-purple_sc0,blue-purple,0.5,different,1,0.3279,0
JYPark,1,1,no_filter,22,green-blue_sc0,green-blue,0.5,different,1,0.2743,0
JYPark,1,1,no_filter,23,yellow-purple_sc0,yellow-purple,0.35,different,1,0.1819,0
JYPark,1,1,no_filter,24,yellow-purple_sc0,yellow-purple,0.2,different,1,0.2816,0
JYPark,1,1,no_filter,25,green-blue_sc0,green-blue,0.35,different,1,0.1771,0
JYPark,1,1,no_filter,26,yellow-green_sc0,yellow-green,0.65,different,1,0.2234,0
JYPark,1,1,no_filter,27,yellow-purple_sc1,yellow-purple,0.35,different,1,0.1536,0
JYPark,1,1,no_filter,28,green-blue_sc0,green-blue,0.2,different,1,0.1911,0
JYPark,1,1,no_filter,29,yellow-purple_sc1,yellow-purple,0.2,different,1,0.2045,0
JYPark,1,1,no_filter,30,yellow-green_sc1,yellow-green,0.2,different,1,0.2442,0
JYPark,1,1,no_filter,31,cyan-magenta_sc0,cyan-magenta,0.5,different,1,0.3363,0
JYPark,1,1,no_filter,32,orange-yellow_sc1,orange-yellow,0.05,different,1,0.2605,0
JYPark,1,1,no_filter,33,blue-purple_sc0,blue-purple,0.35,different,1,0.254,0
JYPark,1,1,no_filter,34,green-blue_sc1,green-blue,0.05,different,1,0.2702,0
JYPark,1,1,no_filter,35,green-blue_sc1,green-blue,0.0,different,1,0.2983,0
JYPark,1,1,no_filter,36,green-blue_sc0,green-blue,0.05,different,1,0.2904,0
JYPark,1,1,no_filter,37,green-blue_sc1,green-blue,0.0,different,1,0.563,0
JYPark,1,1,no_filter,38,blue-purple_sc0,blue-purple,0.2,different,1,1.0767,0
JYPark,1,1,no_filter,39,orange-yellow_sc1,orange-yellow,0.2,same,0,1.2627,1
JYPark,1,1,no_filter,40,red-cyan_sc0,red-cyan,0.2,different,1,1.2065,0
JYPark,1,1,no_filter,41,cyan-magenta_sc1,cyan-magenta,0.0,different,1,1.3644,0
JYPark,1,1,no_filter,42,red-orange_sc1,red-orange,0.35,different,1,0.5696,0
JYPark,1,1,no_filter,43,blue-purple_sc1,blue-purple,0.05,different,1,0.4654,0
JYPark,1,1,no_filter,44,green-blue_sc0,green-blue,0.2,same,0,1.1999,1
JYPark,1,1,no_filter,45,green-blue_sc0,green-blue,0.17,different,1,0.9506,2
JYPark,1,1,no_filter,46,green-blue_sc0,green-blue,0.14,different,1,1.3958,2
JYPark,1,1,no_filter,47,yellow-purple_sc0,yellow-purple,0.05,different,1,1.1375,0
JYPark,1,1,no_filter,48,yellow-green_sc0,yellow-green,0.5,different,1,0.7393,0
JYPark,1,1,no_filter,49,red-cyan_sc0,red-cyan,0.05,different,1,0.4313,0
JYPark,1,1,no_filter,50,orange-yellow_sc0,orange-yellow,0.5,different,1,0.4411,0
JYPark,1,1,no_filter,51,red-orange_sc1,red-orange,0.2,different,1,0.3944,0
JYPark,1,1,no_filter,52,yellow-purple_sc1,yellow-purple,0.05,different,1,0.3993,0
JYPark,1,1,no_filter,53,orange-yellow_sc0,orange-yellow,0.35,different,1,0.6861,0
JYPark,1,1,no_filter,54,yellow-purple_sc0,yellow-purple,0.0,different,1,0.4657,0
JYPark,1,1,no_filter,55,green-blue_sc0,green-blue,0.17,same,0,0.7347,3
JYPark,1,1,no_filter,56,red-cyan_sc0,red-cyan,0.0,different,1,0.6185,0
JYPark,1,1,no_filter,57,green-blue_sc0,green-blue,0.14,different,1,0.8971,4
JYPark,1,1,no_filter,58,red-orange_sc1,red-orange,0.05,different,1,0.3956,0
JYPark,1,1,no_filter,59,red-cyan_sc0,red-cyan,0.0,different,1,0.503,0
JYPark,1,1,no_filter,60,green-blue_sc0,green-blue,0.17,same,0,0.9691,5
JYPark,1,1,no_filter,61,green-blue_sc0,green-blue,0.14,different,1,1.5311,6
JYPark,1,1,no_filter,62,blue-purple_sc0,blue-purple,0.35,same,0,1.4158,1
JYPark,1,1,no_filter,63,orange-yellow_sc1,orange-yellow,0.17,different,1,2.3464,2
JYPark,1,1,no_filter,64,orange-yellow_sc0,orange-yellow,0.2,different,1,0.8088,0
JYPark,1,1,no_filter,65,yellow-green_sc1,yellow-green,0.05,different,1,1.1801,0
JYPark,1,1,no_filter,66,red-orange_sc1,red-orange,0.2,same,0,1.1769,1
JYPark,1,1,no_filter,67,yellow-green_sc0,yellow-green,0.35,different,1,0.6504,0
JYPark,1,1,no_filter,68,red-orange_sc1,red-orange,0.17,different,1,0.6279,2
JYPark,1,1,no_filter,69,red-orange_sc0,red-orange,0.65,different,1,0.4428,0
JYPark,1,1,no_filter,70,yellow-green_sc0,yellow-green,0.2,different,1,0.4796,0
JYPark,1,1,no_filter,71,yellow-purple_sc1,yellow-purple,0.0,different,1,0.5006,0
JYPark,1,1,no_filter,72,blue-purple_sc0,blue-purple,0.32,different,1,1.1225,2
JYPark,1,1,no_filter,73,red-orange_sc0,red-orange,0.5,different,1,0.5331,0
JYPark,1,1,no_filter,74,red-cyan_sc1,red-cyan,0.2,different,1,0.4399,0
JYPark,1,1,no_filter,75,blue-purple_sc0,blue-purple,0.29,different,1,0.7084,2
JYPark,1,1,no_filter,76,yellow-purple_sc0,yellow-purple,0.0,different,1,0.4352,0
JYPark,1,1,no_filter,77,red-cyan_sc0,red-cyan,0.15,same,0,2.5468,1
JYPark,1,1,no_filter,78,yellow-green_sc0,yellow-green,0.05,different,1,0.878,0
JYPark,1,1,no_filter,79,blue-purple_sc1,blue-purple,0.2,same,0,3.3356,1
JYPark,1,1,no_filter,80,yellow-purple_sc1,yellow-purple,0.15,same,0,2.1585,1
JYPark,1,1,no_filter,81,orange-yellow_sc0,orange-yellow,0.05,different,1,1.8934,0
JYPark,1,1,no_filter,82,blue-purple_sc0,blue-purple,0.26,different,1,0.756,2
JYPark,1,1,no_filter,83,cyan-magenta_sc1,cyan-magenta,0.15,same,0,1.1662,1
JYPark,1,1,no_filter,84,cyan-magenta_sc1,cyan-magenta,0.12,different,1,0.5776,2
JYPark,1,1,no_filter,85,cyan-magenta_sc0,cyan-magenta,0.35,different,1,0.6063,0
JYPark,1,1,no_filter,86,red-cyan_sc1,red-cyan,0.05,different,1,0.6801,0
JYPark,1,1,no_filter,87,blue-purple_sc1,blue-purple,0.17,different,1,1.0918,2
JYPark,1,1,no_filter,88,red-orange_sc0,red-orange,0.35,different,1,0.6086,0
JYPark,1,1,no_filter,89,red-cyan_sc0,red-cyan,0.12,different,1,0.5428,2
JYPark,1,1,no_filter,90,blue-purple_sc1,blue-purple,0.14,different,1,1.2176,2
JYPark,1,1,no_filter,91,blue-purple_sc1,blue-purple,0.11,different,1,0.5987,2
JYPark,1,1,no_filter,92,blue-purple_sc1,blue-purple,0.08,different,1,1.0474,2
JYPark,1,1,no_filter,93,cyan-magenta_sc0,cyan-magenta,0.2,different,1,0.4408,0
JYPark,1,1,no_filter,94,blue-purple_sc0,blue-purple,0.23,different,1,0.5363,2
JYPark,1,1,no_filter,95,blue-purple_sc0,blue-purple,0.2,different,1,1.2199,2
JYPark,1,1,no_filter,96,green-blue_sc0,green-blue,0.11,different,1,1.4189,6
JYPark,1,1,no_filter,97,yellow-purple_sc1,yellow-purple,0.12,different,1,0.4997,2
JYPark,1,1,no_filter,98,red-orange_sc0,red-orange,0.2,different,1,0.7999,0
JYPark,1,1,no_filter,99,green-blue_sc1,green-blue,0.15,same,0,1.8945,1
JYPark,1,1,no_filter,100,orange-yellow_sc1,orange-yellow,0.2,same,0,0.9846,3
JYPark,1,1,no_filter,101,blue-purple_sc0,blue-purple,0.17,different,1,2.2652,2
JYPark,1,1,no_filter,102,green-blue_sc0,green-blue,0.08,different,1,1.5049,6
JYPark,1,1,no_filter,103,blue-purple_sc0,blue-purple,0.14,different,1,0.978,2
JYPark,1,1,no_filter,104,yellow-green_sc0,yellow-green,0.2,same,0,1.3208,1
JYPark,1,1,no_filter,105,yellow-green_sc1,yellow-green,0.2,same,0,0.7261,1
JYPark,1,1,no_filter,106,red-orange_sc1,red-orange,0.14,different,1,1.1321,2
JYPark,1,1,no_filter,107,yellow-green_sc0,yellow-green,0.17,different,1,0.9735,2
JYPark,1,1,no_filter,108,cyan-magenta_sc0,cyan-magenta,0.05,different,1,0.5362,0
JYPark,1,1,no_filter,109,red-cyan_sc0,red-cyan,0.09,different,1,0.633,2
JYPark,1,1,no_filter,110,yellow-green_sc1,yellow-green,0.17,different,1,0.5198,2
JYPark,1,1,no_filter,111,red-orange_sc1,red-orange,0.11,different,1,1.3041,2
JYPark,1,1,no_filter,112,orange-yellow_sc0,orange-yellow,0.2,same,0,1.0892,1
JYPark,1,1,no_filter,113,yellow-purple_sc1,yellow-purple,0.09,different,1,0.51,2
JYPark,1,1,no_filter,114,yellow-purple_sc1,yellow-purple,0.06,different,1,0.4138,2
JYPark,1,1,no_filter,115,green-blue_sc0,green-blue,0.05,different,1,1.2342,6
JYPark,1,1,no_filter,116,cyan-magenta_sc1,cyan-magenta,0.09,different,1,0.4977,2
JYPark,1,1,no_filter,117,yellow-green_sc1,yellow-green,0.14,different,1,0.561,2
JYPark,1,1,no_filter,118,orange-yellow_sc1,orange-yellow,0.17,different,1,5.4492,4
JYPark,1,1,no_filter,119,orange-yellow_sc1,orange-yellow,0.14,different,1,3.2057,4
JYPark,1,1,no_filter,120,blue-purple_sc1,blue-purple,0.11,same,0,1.559,3
JYPark,1,1,no_filter,121,orange-yellow_sc0,orange-yellow,0.17,different,1,2.2008,2
JYPark,1,1,no_filter,122,yellow-green_sc1,yellow-green,0.11,different,1,1.125,2
JYPark,1,1,no_filter,123,orange-yellow_sc0,orange-yellow,0.14,different,1,1.3565,2
JYPark,1,1,no_filter,124,green-blue_sc1,green-blue,0.3,same,0,1.4309,1
JYPark,1,1,no_filter,125,red-cyan_sc1,red-cyan,0.0,different,1,0.6748,0
JYPark,1,1,no_filter,126,red-orange_sc0,red-orange,0.05,different,1,0.5312,0
JYPark,1,1,no_filter,127,yellow-purple_sc1,yellow-purple,0.03,different,1,0.4386,2
JYPark,1,1,no_filter,128,orange-yellow_sc1,orange-yellow,0.11,different,1,1.5698,4
JYPark,1,1,no_filter,129,blue-purple_sc0,blue-purple,0.11,different,1,3.2222,2
JYPark,1,1,no_filter,130,blue-purple_sc1,blue-purple,0.08,different,1,0.7082,4
JYPark,1,1,no_filter,131,red-cyan_sc1,red-cyan,0.15,same,0,0.9487,1
JYPark,1,1,no_filter,132,yellow-green_sc1,yellow-green,0.08,different,1,1.0041,2
JYPark,1,1,no_filter,133,orange-yellow_sc1,orange-yellow,0.08,different,1,1.1417,4
JYPark,1,1,no_filter,134,blue-purple_sc1,blue-purple,0.05,different,1,0.7422,4
JYPark,1,1,no_filter,135,yellow-green_sc0,yellow-green,0.14,different,1,0.9191,2
JYPark,1,1,no_filter,136,red-cyan_sc0,red-cyan,0.06,different,1,0.5716,2
JYPark,1,1,no_filter,137,yellow-purple_sc1,yellow-purple,0.0,different,1,0.4957,2
JYPark,1,1,no_filter,138,blue-purple_sc1,blue-purple,0.02,different,1,0.6931,4
JYPark,1,1,no_filter,139,red-orange_sc1,red-orange,0.08,different,1,0.8617,2
JYPark,1,1,no_filter,140,cyan-magenta_sc1,cyan-magenta,0.06,different,1,0.4781,2
JYPark,1,1,no_filter,141,red-cyan_sc1,red-cyan,0.12,different,1,0.5626,2
JYPark,1,1,no_filter,142,yellow-green_sc0,yellow-green,0.11,different,1,0.5772,2
JYPark,1,1,no_filter,143,yellow-purple_sc1,yellow-purple,0.03,same,0,0.8563,3
JYPark,1,1,no_filter,144,green-blue_sc0,green-blue,0.02,different,1,1.417,6
JYPark,1,1,no_filter,145,yellow-purple_sc1,yellow-purple,0.0,different,1,0.8065,4
JYPark,1,1,no_filter,146,yellow-green_sc0,yellow-green,0.08,different,1,0.5208,2
JYPark,1,1,no_filter,147,yellow-purple_sc0,yellow-purple,0.15,same,0,0.7287,1
JYPark,1,1,no_filter,148,blue-purple_sc1,blue-purple,0.0,different,1,0.5578,4
JYPark,1,1,no_filter,149,yellow-purple_sc1,yellow-purple,0.03,same,0,0.6655,5
JYPark,1,1,no_filter,150,cyan-magenta_sc0,cyan-magenta,0.0,different,1,0.598,0
JYPark,1,1,no_filter,151,yellow-purple_sc1,yellow-purple,0.0,different,1,0.7166,6
JYPark,1,1,no_filter,152,red-orange_sc0,red-orange,0.2,same,0,1.0424,1
JYPark,1,1,no_filter,153,green-blue_sc0,green-blue,0.0,different,1,2.1305,6
JYPark,1,1,no_filter,154,yellow-purple_sc0,yellow-purple,0.12,different,1,0.6099,2
JYPark,1,1,no_filter,155,yellow-green_sc0,yellow-green,0.05,different,1,1.9829,2
JYPark,1,1,no_filter,156,orange-yellow_sc0,orange-yellow,0.17,same,0,2.2829,3
JYPark,1,1,no_filter,157,yellow-green_sc1,yellow-green,0.05,different,1,0.8089,2
JYPark,1,1,no_filter,158,orange-yellow_sc1,orange-yellow,0.11,same,0,1.8837,5
JYPark,1,1,no_filter,159,blue-purple_sc1,blue-purple,0.0,different,1,1.3986,4
JYPark,1,1,no_filter,160,yellow-purple_sc1,yellow-purple,0.03,same,0,1.0413,7
JYPark,1,1,no_filter,161,yellow-green_sc1,yellow-green,0.02,different,1,0.9382,2
JYPark,1,1,no_filter,162,red-orange_sc0,red-orange,0.17,different,1,0.4759,2
JYPark,1,1,no_filter,163,cyan-magenta_sc1,cyan-magenta,0.03,different,1,0.5142,2
JYPark,1,1,no_filter,164,yellow-purple_sc0,yellow-purple,0.09,different,1,0.4885,2
JYPark,1,1,no_filter,165,green-blue_sc1,green-blue,0.27,different,1,0.5018,2
JYPark,1,1,no_filter,166,yellow-green_sc1,yellow-green,0.05,same,0,0.8416,3
JYPark,1,1,no_filter,167,red-orange_sc0,red-orange,0.14,different,1,0.6192,2
JYPark,1,1,no_filter,168,red-cyan_sc1,red-cyan,0.09,different,1,0.6264,2
JYPark,1,1,no_filter,169,orange-yellow_sc1,orange-yellow,0.14,same,0,1.4294,5
JYPark,1,1,no_filter,170,blue-purple_sc0,blue-purple,0.14,same,0,1.0222,3
JYPark,1,1,no_filter,171,yellow-green_sc0,yellow-green,0.08,same,0,0.7153,3
JYPark,1,1,no_filter,172,blue-purple_sc1,blue-purple,0.0,different,1,0.7024,4
JYPark,1,1,no_filter,173,green-blue_sc0,green-blue,0.03,same,0,0.7609,7
JYPark,1,1,no_filter,174,green-blue_sc1,green-blue,0.24,different,1,0.681,2
JYPark,1,1,no_filter,175,green-blue_sc1,green-blue,0.21,different,1,0.4475,2
JYPark,1,1,no_filter,176,blue-purple_sc1,blue-purple,0.0,different,1,1.1447,4
JYPark,1,1,no_filter,177,yellow-purple_sc1,yellow-purple,0.0,different,1,0.5075,8
JYPark,1,1,no_filter,178,yellow-green_sc0,yellow-green,0.05,different,1,0.5835,4
JYPark,1,1,no_filter,179,yellow-green_sc0,yellow-green,0.08,same,0,0.9682,5
JYPark,1,1,no_filter,180,red-cyan_sc0,red-cyan,0.03,different,1,0.5494,2
JYPark,1,1,no_filter,181,cyan-magenta_sc1,cyan-magenta,0.06,same,0,0.7458,3
JYPark,1,1,no_filter,182,green-blue_sc1,green-blue,0.18,different,1,0.6596,2
JYPark,1,1,no_filter,183,yellow-green_sc1,yellow-green,0.08,same,0,0.7388,3
JYPark,1,1,no_filter,184,orange-yellow_sc1,orange-yellow,0.17,same,0,1.3915,5
JYPark,1,1,no_filter,185,orange-yellow_sc1,orange-yellow,0.2,same,0,0.8708,5
JYPark,1,1,no_filter,186,red-cyan_sc1,red-cyan,0.06,different,1,0.5648,2
JYPark,1,1,no_filter,187,red-cyan_sc1,red-cyan,0.03,different,1,0.7823,2
JYPark,1,1,no_filter,188,orange-yellow_sc0,orange-yellow,0.2,same,0,2.5049,3
JYPark,1,1,no_filter,189,red-cyan_sc0,red-cyan,0.0,different,1,0.5089,2
JYPark,1,1,no_filter,190,yellow-purple_sc0,yellow-purple,0.06,different,1,0.5463,2
JYPark,1,1,no_filter,191,yellow-green_sc1,yellow-green,0.05,different,1,0.5477,4
JYPark,1,1,no_filter,192,orange-yellow_sc0,orange-yellow,0.23,same,0,0.7173,3
JYPark,1,1,no_filter,193,yellow-green_sc1,yellow-green,0.02,different,1,0.6329,4
JYPark,1,1,no_filter,194,cyan-magenta_sc1,cyan-magenta,0.03,different,1,1.1324,4
JYPark,1,1,no_filter,195,red-orange_sc0,red-orange,0.11,different,1,0.573,2
JYPark,1,1,no_filter,196,green-blue_sc0,green-blue,0.06,same,0,0.5845,7
JYPark,1,1,no_filter,197,yellow-green_sc1,yellow-green,0.05,same,0,0.6663,5
JYPark,1,1,no_filter,198,cyan-magenta_sc0,cyan-magenta,0.15,same,0,0.5039,1
JYPark,1,1,no_filter,199,yellow-purple_sc0,yellow-purple,0.03,different,1,0.6851,2
JYPark,1,1,no_filter,200,cyan-magenta_sc0,cyan-magenta,0.12,different,1,0.5146,2
JYPark,1,1,no_filter,201,blue-purple_sc0,blue-purple,0.17,same,0,0.6817,3
JYPark,1,1,no_filter,202,yellow-green_sc1,yellow-green,0.08,same,0,0.7992,5
JYPark,1,1,no_filter,203,red-orange_sc0,red-orange,0.08,different,1,0.9645,2
JYPark,1,1,no_filter,204,green-blue_sc0,green-blue,0.09,same,0,3.0407,7
JYPark,1,1,no_filter,205,red-cyan_sc1,red-cyan,0.0,different,1,0.6048,2
JYPark,1,1,no_filter,206,red-orange_sc1,red-orange,0.05,different,1,0.5654,2
JYPark,1,1,no_filter,207,yellow-purple_sc1,yellow-purple,0.03,same,0,0.8697,9
JYPark,1,1,no_filter,208,green-blue_sc1,green-blue,0.15,different,1,0.7483,2
JYPark,1,1,no_filter,209,cyan-magenta_sc1,cyan-magenta,0.0,different,1,0.9401,4
JYPark,1,1,no_filter,210,cyan-magenta_sc0,cyan-magenta,0.09,different,1,0.6098,2
JYPark,1,1,no_filter,211,yellow-purple_sc1,yellow-purple,0.06,same,0,0.5504,9
JYPark,1,1,no_filter,212,red-orange_sc0,red-orange,0.05,different,1,2.0068,2
JYPark,1,1,no_filter,213,blue-purple_sc0,blue-purple,0.14,different,1,1.4643,4
JYPark,1,1,no_filter,214,yellow-green_sc1,yellow-green,0.05,different,1,0.7746,6
JYPark,1,1,no_filter,215,orange-yellow_sc0,orange-yellow,0.26,same,0,1.0161,3
JYPark,1,1,no_filter,216,blue-purple_sc0,blue-purple,0.17,same,0,1.2572,5
JYPark,1,1,no_filter,217,yellow-green_sc1,yellow-green,0.02,different,1,1.2369,6
JYPark,1,1,no_filter,218,orange-yellow_sc0,orange-yellow,0.23,different,1,1.2269,4
JYPark,1,1,no_filter,219,orange-yellow_sc1,orange-yellow,0.17,different,1,0.9004,6
JYPark,1,1,no_filter,220,yellow-purple_sc0,yellow-purple,0.0,different,1,0.6497,2
JYPark,1,1,no_filter,221,green-blue_sc1,green-blue,0.18,same,0,1.18,3
JYPark,1,1,no_filter,222,red-cyan_sc1,red-cyan,0.03,same,0,1.0246,3
JYPark,1,1,no_filter,223,yellow-green_sc1,yellow-green,0.0,different,1,1.5244,6
JYPark,1,1,no_filter,224,green-blue_sc0,green-blue,0.12,same,0,1.6037,7
JYPark,1,1,no_filter,225,yellow-green_sc1,yellow-green,0.03,same,0,0.8739,7
JYPark,1,1,no_filter,226,cyan-magenta_sc1,cyan-magenta,0.03,same,0,0.7801,5
JYPark,1,1,no_filter,227,green-blue_sc0,green-blue,0.09,different,1,0.8132,8
JYPark,1,1,no_filter,228,green-blue_sc1,green-blue,0.15,different,1,0.6837,4
JYPark,1,1,no_filter,229,red-cyan_sc1,red-cyan,0.0,different,1,0.8426,4
JYPark,1,1,no_filter,230,yellow-green_sc1,yellow-green,0.06,same,0,0.964,7
JYPark,1,1,no_filter,231,orange-yellow_sc1,orange-yellow,0.2,same,0,1.3002,7
JYPark,1,1,no_filter,232,cyan-magenta_sc1,cyan-magenta,0.0,different,1,1.0959,6
JYPark,1,1,no_filter,233,yellow-purple_sc1,yellow-purple,0.03,different,1,1.0542,10
JYPark,1,1,no_filter,234,yellow-green_sc0,yellow-green,0.05,different,1,0.7021,6
JYPark,1,1,no_filter,235,green-blue_sc1,green-blue,0.12,different,1,0.5714,4
JYPark,1,1,no_filter,236,yellow-green_sc1,yellow-green,0.03,different,1,0.4817,8
JYPark,1,1,no_filter,237,blue-purple_sc0,blue-purple,0.14,different,1,0.5143,6
JYPark,1,1,no_filter,238,yellow-purple_sc0,yellow-purple,0.03,same,0,0.7406,3
JYPark,1,1,no_filter,239,red-orange_sc0,red-orange,0.02,different,1,0.695,2
JYPark,1,1,no_filter,240,red-cyan_sc1,red-cyan,0.0,different,1,0.5391,4
JYPark,1,1,no_filter,241,red-orange_sc1,red-orange,0.08,same,0,0.9192,3
JYPark,1,1,no_filter,242,yellow-green_sc0,yellow-green,0.08,same,0,0.7086,7
JYPark,1,1,no_filter,243,cyan-magenta_sc1,cyan-magenta,0.03,same,0,0.5953,7
JYPark,1,1,no_filter,244,yellow-purple_sc0,yellow-purple,0.0,different,1,0.6358,4
JYPark,1,1,no_filter,245,red-cyan_sc1,red-cyan,0.03,same,0,0.7219,5
JYPark,1,1,no_filter,246,red-orange_sc0,red-orange,0.05,same,0,0.8555,3
JYPark,1,1,no_filter,247,red-cyan_sc1,red-cyan,0.0,different,1,0.6661,6
JYPark,1,1,no_filter,248,yellow-purple_sc0,yellow-purple,0.03,same,0,0.636,5
JYPark,1,1,no_filter,249,cyan-magenta_sc0,cyan-magenta,0.06,different,1,0.5846,2
JYPark,1,1,no_filter,250,red-cyan_sc0,red-cyan,0.03,same,0,0.5558,3
JYPark,1,1,no_filter,251,green-blue_sc1,green-blue,0.09,different,1,1.0934,4
JYPark,1,1,no_filter,252,yellow-purple_sc0,yellow-purple,0.0,different,1,0.851,6
JYPark,1,1,no_filter,253,blue-purple_sc0,blue-purple,0.11,different,1,0.7553,6
JYPark,1,1,no_filter,254,yellow-purple_sc0,yellow-purple,0.03,same,0,0.8002,7
JYPark,1,1,no_filter,255,red-cyan_sc1,red-cyan,0.03,same,0,0.5963,7
JYPark,1,1,no_filter,256,yellow-green_sc0,yellow-green,0.05,different,1,0.7142,8
JYPark,1,1,no_filter,257,red-cyan_sc1,red-cyan,0.0,different,1,0.7294,8
JYPark,1,1,no_filter,258,yellow-purple_sc0,yellow-purple,0.0,different,1,0.6448,8
JYPark,1,1,no_filter,259,red-orange_sc1,red-orange,0.05,different,1,1.2902,4
JYPark,1,1,no_filter,260,orange-yellow_sc1,orange-yellow,0.17,different,1,0.5446,8
JYPark,1,1,no_filter,261,green-blue_sc1,green-blue,0.06,different,1,1.8795,4
JYPark,1,1,no_filter,262,red-orange_sc0,red-orange,0.02,different,1,0.5405,4
JYPark,1,1,no_filter,263,cyan-magenta_sc0,cyan-magenta,0.03,different,1,0.4985,2
JYPark,1,1,no_filter,264,cyan-magenta_sc1,cyan-magenta,0.0,different,1,0.5147,8
JYPark,1,1,no_filter,265,red-cyan_sc0,red-cyan,0.0,different,1,0.5246,4
JYPark,1,1,no_filter,266,blue-purple_sc1,blue-purple,0.0,different,1,0.7784,4
JYPark,1,1,no_filter,267,cyan-magenta_sc1,cyan-magenta,0.0,different,1,0.5064,8
JYPark,1,1,no_filter,268,green-blue_sc1,green-blue,0.03,different,1,0.5294,4
JYPark,1,1,no_filter,269,orange-yellow_sc0,orange-yellow,0.2,different,1,1.5417,4
JYPark,1,1,no_filter,270,red-orange_sc0,red-orange,0.05,same,0,0.8563,5
JYPark,1,1,no_filter,271,yellow-purple_sc1,yellow-purple,0.0,different,1,0.7415,10
JYPark,1,1,no_filter,272,red-orange_sc1,red-orange,0.02,different,1,1.7317,4
JYPark,1,1,no_filter,273,red-orange_sc1,red-orange,0.05,same,0,1.3638,5
JYPark,1,1,no_filter,274,red-cyan_sc1,red-cyan,0.03,same,0,1.9764,9
JYPark,1,1,no_filter,275,yellow-green_sc0,yellow-green,0.08,same,0,0.8568,9
JYPark,1,1,no_filter,276,red-orange_sc1,red-orange,0.08,same,0,1.8529,5
JYPark,1,1,no_filter,277,blue-purple_sc0,blue-purple,0.08,different,1,0.7677,6
JYPark,1,1,no_filter,278,blue-purple_sc1,blue-purple,0.0,different,1,0.639,4
JYPark,1,1,no_filter,279,orange-yellow_sc1,orange-yellow,0.14,different,1,1.3439,8
JYPark,1,1,no_filter,280,cyan-magenta_sc0,cyan-magenta,0.06,same,0,1.0394,3
JYPark,1,1,no_filter,281,cyan-magenta_sc1,cyan-magenta,0.03,same,0,3.5545,9
JYPark,1,1,no_filter,282,yellow-green_sc0,yellow-green,0.05,different,1,0.5376,10
JYPark,1,1,no_filter,283,orange-yellow_sc1,orange-yellow,0.11,different,1,1.7956,8
JYPark,1,1,no_filter,284,red-cyan_sc1,red-cyan,0.0,different,1,0.5493,10
JYPark,1,1,no_filter,285,green-blue_sc1,green-blue,0.06,same,0,0.8405,5
JYPark,1,1,no_filter,286,cyan-magenta_sc1,cyan-magenta,0.0,different,1,1.2691,10
JYPark,1,1,no_filter,287,blue-purple_sc0,blue-purple,0.05,different,1,0.6484,6
JYPark,1,1,no_filter,288,green-blue_sc1,green-blue,0.09,same,0,2.0457,5
JYPark,1,1,no_filter,289,cyan-magenta_sc0,cyan-magenta,0.03,different,1,0.5617,4
JYPark,1,1,no_filter,290,red-orange_sc0,red-orange,0.08,same,0,0.9342,5
JYPark,1,1,no_filter,291,red-cyan_sc0,red-cyan,0.03,same,0,1.2893,5
JYPark,1,1,no_filter,292,cyan-magenta_sc0,cyan-magenta,0.06,same,0,1.0341,5
JYPark,1,1,no_filter,293,yellow-purple_sc0,yellow-purple,0.03,same,0,0.6473,9
JYPark,1,1,no_filter,294,green-blue_sc1,green-blue,0.06,different,1,0.9444,6
JYPark,1,1,no_filter,295,blue-purple_sc1,blue-purple,0.0,different,1,1.1166,4
JYPark,1,1,no_filter,296,red-orange_sc1,red-orange,0.05,different,1,1.2362,6
JYPark,1,1,no_filter,297,orange-yellow_sc0,orange-yellow,0.17,different,1,1.1889,4
JYPark,1,1,no_filter,298,blue-purple_sc1,blue-purple,0.0,different,1,0.6686,4
JYPark,1,1,no_filter,299,green-blue_sc1,green-blue,0.03,different,1,0.5354,6
JYPark,1,1,no_filter,300,blue-purple_sc0,blue-purple,0.02,different,1,0.6625,6
JYPark,1,1,no_filter,301,yellow-green_sc0,yellow-green,0.02,different,1,1.4668,10
JYPark,1,1,no_filter,302,blue-purple_sc1,blue-purple,0.0,different,1,0.7658,4
JYPark,1,1,no_filter,303,cyan-magenta_sc0,cyan-magenta,0.03,different,1,0.5748,6
JYPark,1,1,no_filter,304,green-blue_sc1,green-blue,0.0,different,1,0.8349,6
JYPark,1,1,no_filter,305,red-orange_sc1,red-orange,0.08,same,0,0.9537,7
JYPark,1,1,no_filter,306,blue-purple_sc1,blue-purple,0.0,different,1,1.8667,4
JYPark,1,1,no_filter,307,blue-purple_sc0,blue-purple,0.0,different,1,0.5923,6
JYPark,1,1,no_filter,308,blue-purple_sc0,blue-purple,0.0,different,1,0.7112,6
JYPark,1,1,no_filter,309,blue-purple_sc0,blue-purple,0.03,same,0,2.7097,7
JYPark,1,1,no_filter,310,orange-yellow_sc1,orange-yellow,0.14,same,0,0.763,9
JYPark,1,1,no_filter,311,red-cyan_sc1,red-cyan,0.03,same,0,0.8539,11
JYPark,1,1,no_filter,312,red-orange_sc1,red-orange,0.05,different,1,1.4142,8
JYPark,1,1,no_filter,313,green-blue_sc1,green-blue,0.0,different,1,1.3867,6
JYPark,1,1,no_filter,314,blue-purple_sc0,blue-purple,0.06,same,0,1.0583,7
JYPark,1,1,no_filter,315,blue-purple_sc1,blue-purple,0.03,same,0,1.6297,5
JYPark,1,1,no_filter,316,red-cyan_sc0,red-cyan,0.0,different,1,1.158,6
JYPark,1,1,no_filter,317,orange-yellow_sc0,orange-yellow,0.14,different,1,0.7488,4
JYPark,1,1,no_filter,318,cyan-magenta_sc0,cyan-magenta,0.06,same,0,0.9138,7
JYPark,1,1,no_filter,319,green-blue_sc1,green-blue,0.03,same,0,0.9971,7
JYPark,1,1,no_filter,320,cyan-magenta_sc1,cyan-magenta,0.03,same,0,0.5013,11
JYPark,1,1,no_filter,321,cyan-magenta_sc0,cyan-magenta,0.03,different,1,0.8475,8
JYPark,1,1,no_filter,322,blue-purple_sc1,blue-purple,0.06,same,0,1.9273,5
JYPark,1,1,no_filter,323,red-orange_sc0,red-orange,0.11,same,0,0.6333,5
JYPark,1,1,no_filter,324,red-orange_sc1,red-orange,0.08,same,0,0.5104,9
JYPark,1,1,no_filter,325,cyan-magenta_sc0,cyan-magenta,0.0,different,1,1.5046,8
JYPark,1,1,no_filter,326,red-cyan_sc0,red-cyan,0.03,same,0,1.0816,7
JYPark,1,1,no_filter,327,orange-yellow_sc0,orange-yellow,0.11,different,1,1.2843,4
JYPark,1,1,no_filter,328,cyan-magenta_sc0,cyan-magenta,0.0,different,1,0.8422,8
JYPark,1,1,no_filter,329,red-orange_sc0,red-orange,0.08,different,1,0.7643,6
JYPark,1,1,no_filter,330,blue-purple_sc0,blue-purple,0.09,same,0,0.8031,7
JYPark,1,1,no_filter,331,blue-purple_sc1,blue-purple,0.09,same,0,1.3871,5
JYPark,1,1,no_filter,332,blue-purple_sc0,blue-purple,0.06,different,1,0.835,8
JYPark,1,1,no_filter,333,orange-yellow_sc0,orange-yellow,0.08,different,1,2.6061,4
JYPark,1,1,no_filter,334,cyan-magenta_sc0,cyan-magenta,0.0,different,1,3.4846,8
JYPark,1,1,no_filter,335,red-orange_sc1,red-orange,0.05,different,1,0.6144,10
JYPark,1,1,no_filter,336,green-blue_sc1,green-blue,0.0,different,1,0.7029,8
JYPark,1,1,no_filter,337,orange-yellow_sc0,orange-yellow,0.05,different,1,0.9393,4
JYPark,1,1,no_filter,338,red-cyan_sc0,red-cyan,0.0,different,1,0.6227,8
JYPark,1,1,no_filter,339,red-orange_sc1,red-orange,0.08,same,0,1.1422,11
JYPark,1,1,no_filter,340,red-orange_sc0,red-orange,0.05,different,1,0.997,6
JYPark,1,1,no_filter,341,blue-purple_sc1,blue-purple,0.06,different,1,1.484,6
JYPark,1,1,no_filter,342,red-orange_sc0,red-orange,0.02,different,1,0.8089,6
JYPark,1,1,no_filter,343,red-orange_sc0,red-orange,0.0,different,1,1.5194,6
JYPark,1,1,no_filter,344,red-cyan_sc0,red-cyan,0.0,different,1,0.8489,8
JYPark,1,1,no_filter,345,blue-purple_sc1,blue-purple,0.03,different,1,1.3547,6
JYPark,1,1,no_filter,346,orange-yellow_sc0,orange-yellow,0.08,same,0,2.8791,5
JYPark,1,1,no_filter,347,blue-purple_sc1,blue-purple,0.06,same,0,0.8316,7
JYPark,1,1,no_filter,348,red-orange_sc0,red-orange,0.0,different,1,1.2783,6
JYPark,1,1,no_filter,349,red-orange_sc0,red-orange,0.03,same,0,0.8889,7
JYPark,1,1,no_filter,350,red-orange_sc0,red-orange,0.06,same,0,1.1664,7
JYPark,1,1,no_filter,351,orange-yellow_sc0,orange-yellow,0.11,same,0,0.8372,5
JYPark,1,1,no_filter,352,blue-purple_sc1,blue-purple,0.09,same,0,1.1077,7
JYPark,1,1,no_filter,353,blue-purple_sc1,blue-purple,0.12,same,0,1.017,7
JYPark,1,1,no_filter,354,blue-purple_sc1,blue-purple,0.15,same,0,0.6041,7
JYPark,1,1,no_filter,355,blue-purple_sc1,blue-purple,0.18,same,0,0.3776,7
JYPark,1,1,no_filter,356,blue-purple_sc1,blue-purple,0.21,same,0,0.3942,7
JYPark,1,1,no_filter,357,blue-purple_sc1,blue-purple,0.24,same,0,0.4908,7
JYPark,1,1,no_filter,358,orange-yellow_sc0,orange-yellow,0.14,same,0,0.9288,5
JYPark,1,1,no_filter,359,red-orange_sc0,red-orange,0.09,same,0,0.723,7
JYPark,1,1,no_filter,360,blue-purple_sc1,blue-purple,0.21,different,1,0.9234,8
JYPark,1,1,no_filter,361,red-orange_sc0,red-orange,0.06,different,1,0.7073,8
JYPark,1,1,no_filter,362,orange-yellow_sc0,orange-yellow,0.17,same,0,1.3247,5
JYPark,1,1,no_filter,363,orange-yellow_sc0,orange-yellow,0.2,same,0,0.5252,5
JYPark,1,1,no_filter,364,orange-yellow_sc0,orange-yellow,0.23,same,0,0.4957,5
JYPark,1,1,no_filter,365,orange-yellow_sc0,orange-yellow,0.26,same,0,0.4681,5
JYPark,1,1,no_filter,366,orange-yellow_sc0,orange-yellow,0.29,same,0,1.3673,5
JYPark,1,1,no_filter,367,orange-yellow_sc0,orange-yellow,0.32,same,0,0.4092,5
JYPark,1,1,no_filter,368,orange-yellow_sc0,orange-yellow,0.35,same,0,0.6648,5
JYPark,1,1,no_filter,369,orange-yellow_sc0,orange-yellow,0.38,same,0,0.6245,5
JYPark,1,1,no_filter,370,orange-yellow_sc0,orange-yellow,0.35,different,1,1.1934,6
JYPark,1,1,no_filter,371,orange-yellow_sc0,orange-yellow,0.32,different,1,0.8372,6
JYPark,1,1,no_filter,372,orange-yellow_sc0,orange-yellow,0.29,different,1,1.76,6
JYPark,1,1,no_filter,373,orange-yellow_sc0,orange-yellow,0.26,different,1,0.6343,6
JYPark,1,1,no_filter,374,orange-yellow_sc0,orange-yellow,0.23,different,1,1.0208,6
JYPark,1,1,no_filter,375,orange-yellow_sc0,orange-yellow,0.2,different,1,0.7073,6
JYPark,1,1,no_filter,376,orange-yellow_sc0,orange-yellow,0.17,different,1,3.0995,6
JYPark,1,1,no_filter,377,orange-yellow_sc0,orange-yellow,0.14,different,1,0.4256,6
JYPark,1,1,no_filter,378,orange-yellow_sc0,orange-yellow,0.11,different,1,0.49,6
JYPark,1,1,no_filter,379,orange-yellow_sc0,orange-yellow,0.08,different,1,0.4242,6
JYPark,1,1,no_filter,380,orange-yellow_sc0,orange-yellow,0.05,different,1,0.4206,6
JYPark,1,1,no_filter,381,orange-yellow_sc0,orange-yellow,0.08,same,0,1.7003,7
JYPark,1,1,no_filter,382,orange-yellow_sc0,orange-yellow,0.11,same,0,1.1109,7
JYPark,1,1,no_filter,383,orange-yellow_sc0,orange-yellow,0.14,same,0,0.4636,7
JYPark,1,1,no_filter,384,orange-yellow_sc0,orange-yellow,0.17,same,0,0.5118,7
JYPark,1,1,no_filter,385,orange-yellow_sc0,orange-yellow,0.2,same,0,0.8211,7
JYPark,1,1,no_filter,386,orange-yellow_sc0,orange-yellow,0.23,same,0,0.6062,7
JYPark,1,1,no_filter,387,orange-yellow_sc0,orange-yellow,0.26,same,0,0.5823,7
JYPark,1,1,no_filter,388,orange-yellow_sc0,orange-yellow,0.23,different,1,1.918,8
JYPark,1,1,no_filter,389,orange-yellow_sc0,orange-yellow,0.2,different,1,1.6865,8
JYPark,1,1,no_filter,390,orange-yellow_sc0,orange-yellow,0.17,different,1,1.0099,8
JYPark,1,1,no_filter,391,orange-yellow_sc0,orange-yellow,0.14,different,1,0.6086,8
JYPark,1,1,no_filter,392,orange-yellow_sc0,orange-yellow,0.11,different,1,0.8492,8
JYPark,1,1,no_filter,393,orange-yellow_sc0,orange-yellow,0.08,different,1,2.29,8
JYPark,1,1,no_filter,394,orange-yellow_sc0,orange-yellow,0.05,different,1,1.4837,8
JYPark,1,1,no_filter,395,orange-yellow_sc0,orange-yellow,0.02,different,1,0.401,8
JYPark,1,1,no_filter,396,orange-yellow_sc0,orange-yellow,0.05,same,0,1.7882,9
JYPark,1,1,no_filter,397,orange-yellow_sc0,orange-yellow,0.08,same,0,0.6832,9
JYPark,1,1,no_filter,398,orange-yellow_sc0,orange-yellow,0.11,same,0,0.2957,9
JYPark,1,1,no_filter,399,orange-yellow_sc0,orange-yellow,0.14,same,0,4.1116,9
JYPark,1,1,no_filter,400,orange-yellow_sc0,orange-yellow,0.17,same,0,0.4268,9
JYPark,1,1,no_filter,401,orange-yellow_sc0,orange-yellow,0.2,same,0,0.6567,9
JYPark,1,1,no_filter,402,orange-yellow_sc0,orange-yellow,0.23,same,0,0.7904,9
JYPark,1,1,no_filter,403,orange-yellow_sc0,orange-yellow,0.26,same,0,0.4726,9
JYPark,1,1,no_filter,404,orange-yellow_sc0,orange-yellow,0.29,same,0,0.3747,9
JYPark,1,1,no_filter,405,orange-yellow_sc0,orange-yellow,0.26,different,1,0.8191,10
