subj_id,group,session,run,condition,filter,trial,staircase_id,pair_name,level,response,correct,rt,reversal_count
CDX009,1,2,2,optimal,sub-09,1,cyan-magenta_sc0,cyan-magenta,0.65,different,1,1.3042,0
CDX009,1,2,2,optimal,sub-09,2,red-orange_sc1,red-orange,0.35,different,1,0.4287,0
CDX009,1,2,2,optimal,sub-09,3,green-blue_sc0,green-blue,0.65,different,1,0.3686,0
CDX009,1,2,2,optimal,sub-09,4,blue-purple_sc0,blue-purple,0.65,different,1,0.3416,0
CDX009,1,2,2,optimal,sub-09,5,yellow-green_sc0,yellow-green,0.65,different,1,0.3286,0
CDX009,1,2,2,optimal,sub-09,6,red-orange_sc0,red-orange,0.65,different,1,0.3782,0
CDX009,1,2,2,optimal,sub-09,7,yellow-purple_sc1,yellow-purple,0.35,different,1,0.3368,0
CDX009,1,2,2,optimal,sub-09,8,red-orange_sc1,red-orange,0.2,different,1,0.3408,0
CDX009,1,2,2,optimal,sub-09,9,yellow-purple_sc0,yellow-purple,0.65,different,1,0.2762,0
CDX009,1,2,2,optimal,sub-09,10,green-blue_sc1,green-blue,0.35,different,1,0.6517,0
CDX009,1,2,2,optimal,sub-09,11,cyan-magenta_sc1,cyan-magenta,0.35,different,1,0.4124,0
CDX009,1,2,2,optimal,sub-09,12,orange-yellow_sc1,orange-yellow,0.35,different,1,0.7488,0
CDX009,1,2,2,optimal,sub-09,13,yellow-green_sc0,yellow-green,0.5,different,1,0.3696,0
CDX009,1,2,2,optimal,sub-09,14,red-cyan_sc0,red-cyan,0.65,different,1,0.3754,0
CDX009,1,2,2,optimal,sub-09,15,blue-purple_sc0,blue-purple,0.5,different,1,0.4185,0
CDX009,1,2,2,optimal,sub-09,16,red-cyan_sc0,red-cyan,0.5,different,1,0.3651,0
CDX009,1,2,2,optimal,sub-09,17,orange-yellow_sc0,orange-yellow,0.65,different,1,0.2642,0
CDX009,1,2,2,optimal,sub-09,18,blue-purple_sc1,blue-purple,0.35,different,1,0.2627,0
CDX009,1,2,2,optimal,sub-09,19,orange-yellow_sc0,orange-yellow,0.5,different,1,0.3429,0
CDX009,1,2,2,optimal,sub-09,20,green-blue_sc0,green-blue,0.5,different,1,0.269,0
CDX009,1,2,2,optimal,sub-09,21,red-cyan_sc0,red-cyan,0.35,different,1,0.2514,0
CDX009,1,2,2,optimal,sub-09,22,red-cyan_sc0,red-cyan,0.2,different,1,0.3655,0
CDX009,1,2,2,optimal,sub-09,23,orange-yellow_sc0,orange-yellow,0.35,different,1,0.3266,0
CDX009,1,2,2,optimal,sub-09,24,orange-yellow_sc1,orange-yellow,0.2,different,1,0.6308,0
CDX009,1,2,2,optimal,sub-09,25,red-orange_sc0,red-orange,0.5,different,1,0.4219,0
CDX009,1,2,2,optimal,sub-09,26,orange-yellow_sc1,orange-yellow,0.05,different,1,0.6354,0
CDX009,1,2,2,optimal,sub-09,27,blue-purple_sc1,blue-purple,0.2,different,1,0.3887,0
CDX009,1,2,2,optimal,sub-09,28,cyan-magenta_sc0,cyan-magenta,0.5,different,1,0.3689,0
CDX009,1,2,2,optimal,sub-09,29,yellow-green_sc1,yellow-green,0.35,different,1,0.391,0
CDX009,1,2,2,optimal,sub-09,30,red-orange_sc1,red-orange,0.05,different,1,0.3998,0
CDX009,1,2,2,optimal,sub-09,31,yellow-green_sc1,yellow-green,0.2,different,1,0.3312,0
CDX009,1,2,2,optimal,sub-09,32,cyan-magenta_sc0,cyan-magenta,0.35,different,1,0.4464,0
CDX009,1,2,2,optimal,sub-09,33,yellow-purple_sc0,yellow-purple,0.5,different,1,0.4006,0
CDX009,1,2,2,optimal,sub-09,34,cyan-magenta_sc1,cyan-magenta,0.2,different,1,0.3508,0
CDX009,1,2,2,optimal,sub-09,35,cyan-magenta_sc1,cyan-magenta,0.05,different,1,0.3863,0
CDX009,1,2,2,optimal,sub-09,36,orange-yellow_sc0,orange-yellow,0.2,different,1,0.7195,0
CDX009,1,2,2,optimal,sub-09,37,orange-yellow_sc0,orange-yellow,0.35,same,0,0.9709,1
CDX009,1,2,2,optimal,sub-09,38,red-orange_sc0,red-orange,0.35,different,1,0.4183,0
CDX009,1,2,2,optimal,sub-09,39,green-blue_sc0,green-blue,0.35,different,1,0.3997,0
CDX009,1,2,2,optimal,sub-09,40,cyan-magenta_sc0,cyan-magenta,0.2,different,1,0.372,0
CDX009,1,2,2,optimal,sub-09,41,cyan-magenta_sc1,cyan-magenta,0.0,different,1,0.4724,0
CDX009,1,2,2,optimal,sub-09,42,cyan-magenta_sc0,cyan-magenta,0.05,different,1,0.4084,0
CDX009,1,2,2,optimal,sub-09,43,blue-purple_sc1,blue-purple,0.05,different,1,0.9011,0
CDX009,1,2,2,optimal,sub-09,44,blue-purple_sc1,blue-purple,0.2,same,0,0.7561,1
CDX009,1,2,2,optimal,sub-09,45,cyan-magenta_sc0,cyan-magenta,0.2,same,0,0.7977,1
CDX009,1,2,2,optimal,sub-09,46,green-blue_sc1,green-blue,0.2,different,1,0.4918,0
CDX009,1,2,2,optimal,sub-09,47,orange-yellow_sc1,orange-yellow,0.2,same,0,0.82,1
CDX009,1,2,2,optimal,sub-09,48,red-cyan_sc1,red-cyan,0.35,different,1,0.4088,0
CDX009,1,2,2,optimal,sub-09,49,red-orange_sc0,red-orange,0.2,different,1,0.4113,0
CDX009,1,2,2,optimal,sub-09,50,green-blue_sc0,green-blue,0.2,different,1,0.5314,0
CDX009,1,2,2,optimal,sub-09,51,red-orange_sc1,red-orange,0.0,different,1,0.4826,0
CDX009,1,2,2,optimal,sub-09,52,blue-purple_sc1,blue-purple,0.17,different,1,1.2315,2
CDX009,1,2,2,optimal,sub-09,53,green-blue_sc0,green-blue,0.05,different,1,0.7252,0
CDX009,1,2,2,optimal,sub-09,54,cyan-magenta_sc0,cyan-magenta,0.17,different,1,0.4834,2
CDX009,1,2,2,optimal,sub-09,55,red-orange_sc0,red-orange,0.05,different,1,0.4852,0
CDX009,1,2,2,optimal,sub-09,56,blue-purple_sc1,blue-purple,0.14,different,1,0.6926,2
CDX009,1,2,2,optimal,sub-09,57,yellow-green_sc1,yellow-green,0.05,different,1,0.7277,0
CDX009,1,2,2,optimal,sub-09,58,yellow-green_sc0,yellow-green,0.35,different,1,0.4248,0
CDX009,1,2,2,optimal,sub-09,59,red-cyan_sc0,red-cyan,0.05,different,1,0.4429,0
CDX009,1,2,2,optimal,sub-09,60,green-blue_sc1,green-blue,0.05,different,1,0.5383,0
CDX009,1,2,2,optimal,sub-09,61,yellow-purple_sc0,yellow-purple,0.35,different,1,0.5041,0
CDX009,1,2,2,optimal,sub-09,62,orange-yellow_sc1,orange-yellow,0.17,different,1,0.8557,2
CDX009,1,2,2,optimal,sub-09,63,yellow-purple_sc1,yellow-purple,0.2,different,1,0.4225,0
CDX009,1,2,2,optimal,sub-09,64,cyan-magenta_sc1,cyan-magenta,0.15,same,0,0.8445,1
CDX009,1,2,2,optimal,sub-09,65,blue-purple_sc0,blue-purple,0.35,different,1,0.6952,0
CDX009,1,2,2,optimal,sub-09,66,red-orange_sc0,red-orange,0.0,different,1,0.6824,0
CDX009,1,2,2,optimal,sub-09,67,red-orange_sc1,red-orange,0.0,different,1,0.6127,0
CDX009,1,2,2,optimal,sub-09,68,cyan-magenta_sc0,cyan-magenta,0.14,different,1,0.4633,2
CDX009,1,2,2,optimal,sub-09,69,red-cyan_sc0,red-cyan,0.0,different,1,0.4571,0
CDX009,1,2,2,optimal,sub-09,70,green-blue_sc0,green-blue,0.2,same,0,1.2112,1
CDX009,1,2,2,optimal,sub-09,71,orange-yellow_sc1,orange-yellow,0.14,different,1,0.7098,2
CDX009,1,2,2,optimal,sub-09,72,yellow-green_sc1,yellow-green,0.0,different,1,0.505,0
CDX009,1,2,2,optimal,sub-09,73,red-cyan_sc0,red-cyan,0.15,same,0,0.814,1
CDX009,1,2,2,optimal,sub-09,74,orange-yellow_sc1,orange-yellow,0.17,same,0,0.7501,3
CDX009,1,2,2,optimal,sub-09,75,yellow-green_sc0,yellow-green,0.2,different,1,0.4713,0
CDX009,1,2,2,optimal,sub-09,76,green-blue_sc1,green-blue,0.2,same,0,0.6169,1
CDX009,1,2,2,optimal,sub-09,77,green-blue_sc0,green-blue,0.17,different,1,0.6555,2
CDX009,1,2,2,optimal,sub-09,78,cyan-magenta_sc1,cyan-magenta,0.12,different,1,0.6656,2
CDX009,1,2,2,optimal,sub-09,79,green-blue_sc0,green-blue,0.2,same,0,0.5995,3
CDX009,1,2,2,optimal,sub-09,80,green-blue_sc0,green-blue,0.23,same,0,0.7617,3
CDX009,1,2,2,optimal,sub-09,81,red-cyan_sc0,red-cyan,0.12,different,1,0.3955,2
CDX009,1,2,2,optimal,sub-09,82,yellow-purple_sc0,yellow-purple,0.2,different,1,0.4313,0
CDX009,1,2,2,optimal,sub-09,83,cyan-magenta_sc1,cyan-magenta,0.09,different,1,0.5366,2
CDX009,1,2,2,optimal,sub-09,84,yellow-green_sc0,yellow-green,0.05,different,1,0.4648,0
CDX009,1,2,2,optimal,sub-09,85,orange-yellow_sc1,orange-yellow,0.2,same,0,0.6217,3
CDX009,1,2,2,optimal,sub-09,86,orange-yellow_sc1,orange-yellow,0.23,same,0,1.1645,3
CDX009,1,2,2,optimal,sub-09,87,red-cyan_sc0,red-cyan,0.09,different,1,0.4171,2
CDX009,1,2,2,optimal,sub-09,88,yellow-purple_sc1,yellow-purple,0.05,different,1,0.4374,0
CDX009,1,2,2,optimal,sub-09,89,red-cyan_sc0,red-cyan,0.06,different,1,0.4477,2
CDX009,1,2,2,optimal,sub-09,90,cyan-magenta_sc1,cyan-magenta,0.06,different,1,0.479,2
CDX009,1,2,2,optimal,sub-09,91,red-cyan_sc1,red-cyan,0.2,different,1,0.4059,0
CDX009,1,2,2,optimal,sub-09,92,red-orange_sc0,red-orange,0.15,same,0,0.6149,1
CDX009,1,2,2,optimal,sub-09,93,yellow-green_sc0,yellow-green,0.2,same,0,0.6882,1
CDX009,1,2,2,optimal,sub-09,94,yellow-green_sc0,yellow-green,0.17,different,1,0.5104,2
CDX009,1,2,2,optimal,sub-09,95,green-blue_sc0,green-blue,0.2,different,1,0.4726,4
CDX009,1,2,2,optimal,sub-09,96,red-cyan_sc0,red-cyan,0.03,different,1,0.5453,2
CDX009,1,2,2,optimal,sub-09,97,cyan-magenta_sc1,cyan-magenta,0.03,different,1,0.501,2
CDX009,1,2,2,optimal,sub-09,98,red-cyan_sc0,red-cyan,0.0,different,1,0.5893,2
CDX009,1,2,2,optimal,sub-09,99,green-blue_sc1,green-blue,0.17,different,1,0.5181,2
CDX009,1,2,2,optimal,sub-09,100,yellow-green_sc1,yellow-green,0.15,same,0,0.6393,1
CDX009,1,2,2,optimal,sub-09,101,yellow-green_sc0,yellow-green,0.14,different,1,0.5706,2
CDX009,1,2,2,optimal,sub-09,102,cyan-magenta_sc1,cyan-magenta,0.0,different,1,0.7918,2
CDX009,1,2,2,optimal,sub-09,103,cyan-magenta_sc0,cyan-magenta,0.11,different,1,0.4832,2
CDX009,1,2,2,optimal,sub-09,104,red-cyan_sc0,red-cyan,0.03,same,0,0.6189,3
CDX009,1,2,2,optimal,sub-09,105,orange-yellow_sc1,orange-yellow,0.26,same,0,0.9235,3
CDX009,1,2,2,optimal,sub-09,106,yellow-green_sc0,yellow-green,0.11,different,1,0.4788,2
CDX009,1,2,2,optimal,sub-09,107,red-orange_sc1,red-orange,0.15,same,0,0.5047,1
CDX009,1,2,2,optimal,sub-09,108,blue-purple_sc0,blue-purple,0.2,different,1,1.1148,0
CDX009,1,2,2,optimal,sub-09,109,cyan-magenta_sc1,cyan-magenta,0.03,same,0,0.5134,3
CDX009,1,2,2,optimal,sub-09,110,red-cyan_sc1,red-cyan,0.05,different,1,0.4953,0
CDX009,1,2,2,optimal,sub-09,111,green-blue_sc1,green-blue,0.14,different,1,0.4947,2
CDX009,1,2,2,optimal,sub-09,112,yellow-green_sc1,yellow-green,0.3,same,0,0.7083,1
CDX009,1,2,2,optimal,sub-09,113,blue-purple_sc1,blue-purple,0.17,same,0,1.5548,3
CDX009,1,2,2,optimal,sub-09,114,red-orange_sc0,red-orange,0.12,different,1,0.4798,2
CDX009,1,2,2,optimal,sub-09,115,red-orange_sc1,red-orange,0.12,different,1,0.5013,2
CDX009,1,2,2,optimal,sub-09,116,yellow-purple_sc0,yellow-purple,0.05,different,1,0.4371,0
CDX009,1,2,2,optimal,sub-09,117,cyan-magenta_sc0,cyan-magenta,0.08,different,1,0.4775,2
CDX009,1,2,2,optimal,sub-09,118,green-blue_sc1,green-blue,0.11,different,1,0.4756,2
CDX009,1,2,2,optimal,sub-09,119,green-blue_sc1,green-blue,0.08,different,1,0.5278,2
CDX009,1,2,2,optimal,sub-09,120,yellow-purple_sc0,yellow-purple,0.0,different,1,0.4767,0
CDX009,1,2,2,optimal,sub-09,121,blue-purple_sc0,blue-purple,0.05,different,1,0.5918,0
CDX009,1,2,2,optimal,sub-09,122,blue-purple_sc1,blue-purple,0.14,different,1,0.4855,4
CDX009,1,2,2,optimal,sub-09,123,green-blue_sc0,green-blue,0.17,different,1,0.5243,4
CDX009,1,2,2,optimal,sub-09,124,green-blue_sc1,green-blue,0.05,different,1,0.52,2
CDX009,1,2,2,optimal,sub-09,125,orange-yellow_sc1,orange-yellow,0.23,different,1,0.6051,4
CDX009,1,2,2,optimal,sub-09,126,yellow-purple_sc1,yellow-purple,0.0,different,1,0.4777,0
CDX009,1,2,2,optimal,sub-09,127,red-orange_sc0,red-orange,0.09,different,1,0.5223,2
CDX009,1,2,2,optimal,sub-09,128,yellow-green_sc0,yellow-green,0.08,different,1,0.4944,2
CDX009,1,2,2,optimal,sub-09,129,blue-purple_sc1,blue-purple,0.11,different,1,0.5336,4
CDX009,1,2,2,optimal,sub-09,130,red-cyan_sc1,red-cyan,0.0,different,1,0.4562,0
CDX009,1,2,2,optimal,sub-09,131,red-orange_sc1,red-orange,0.09,different,1,0.6864,2
CDX009,1,2,2,optimal,sub-09,132,red-cyan_sc1,red-cyan,0.15,same,0,0.5276,1
CDX009,1,2,2,optimal,sub-09,133,red-orange_sc0,red-orange,0.06,different,1,0.7336,2
CDX009,1,2,2,optimal,sub-09,134,green-blue_sc1,green-blue,0.02,different,1,0.8055,2
CDX009,1,2,2,optimal,sub-09,135,green-blue_sc0,green-blue,0.14,different,1,0.6848,4
CDX009,1,2,2,optimal,sub-09,136,green-blue_sc1,green-blue,0.05,same,0,0.5714,3
CDX009,1,2,2,optimal,sub-09,137,cyan-magenta_sc0,cyan-magenta,0.05,different,1,0.8927,2
CDX009,1,2,2,optimal,sub-09,138,red-orange_sc0,red-orange,0.09,same,0,0.7118,3
CDX009,1,2,2,optimal,sub-09,139,orange-yellow_sc0,orange-yellow,0.5,same,0,0.5491,1
CDX009,1,2,2,optimal,sub-09,140,orange-yellow_sc0,orange-yellow,0.65,same,0,0.546,1
CDX009,1,2,2,optimal,sub-09,141,blue-purple_sc1,blue-purple,0.08,different,1,0.7175,4
CDX009,1,2,2,optimal,sub-09,142,orange-yellow_sc1,orange-yellow,0.26,same,0,0.5804,5
CDX009,1,2,2,optimal,sub-09,143,cyan-magenta_sc0,cyan-magenta,0.02,different,1,0.6337,2
CDX009,1,2,2,optimal,sub-09,144,red-cyan_sc1,red-cyan,0.12,different,1,0.5582,2
CDX009,1,2,2,optimal,sub-09,145,red-cyan_sc1,red-cyan,0.09,different,1,0.4663,2
CDX009,1,2,2,optimal,sub-09,146,blue-purple_sc0,blue-purple,0.2,same,0,0.597,1
CDX009,1,2,2,optimal,sub-09,147,red-cyan_sc1,red-cyan,0.06,different,1,0.5201,2
CDX009,1,2,2,optimal,sub-09,148,red-cyan_sc0,red-cyan,0.0,different,1,0.5147,4
CDX009,1,2,2,optimal,sub-09,149,green-blue_sc0,green-blue,0.11,different,1,0.6698,4
CDX009,1,2,2,optimal,sub-09,150,green-blue_sc1,green-blue,0.08,same,0,0.6095,3
CDX009,1,2,2,optimal,sub-09,151,yellow-purple_sc1,yellow-purple,0.15,same,0,0.7913,1
CDX009,1,2,2,optimal,sub-09,152,red-cyan_sc1,red-cyan,0.03,different,1,0.5421,2
CDX009,1,2,2,optimal,sub-09,153,cyan-magenta_sc0,cyan-magenta,0.0,different,1,0.6276,2
CDX009,1,2,2,optimal,sub-09,154,blue-purple_sc1,blue-purple,0.11,same,0,0.7299,5
CDX009,1,2,2,optimal,sub-09,155,yellow-purple_sc0,yellow-purple,0.0,different,1,0.6089,0
CDX009,1,2,2,optimal,sub-09,156,cyan-magenta_sc1,cyan-magenta,0.0,different,1,0.7569,4
CDX009,1,2,2,optimal,sub-09,157,red-cyan_sc1,red-cyan,0.0,different,1,1.1424,2
CDX009,1,2,2,optimal,sub-09,158,red-cyan_sc0,red-cyan,0.0,different,1,0.6544,4
CDX009,1,2,2,optimal,sub-09,159,blue-purple_sc1,blue-purple,0.08,different,1,0.5598,6
CDX009,1,2,2,optimal,sub-09,160,cyan-magenta_sc0,cyan-magenta,0.03,same,0,0.8745,3
CDX009,1,2,2,optimal,sub-09,161,blue-purple_sc0,blue-purple,0.17,different,1,0.5572,2
CDX009,1,2,2,optimal,sub-09,162,red-orange_sc0,red-orange,0.12,same,0,0.8312,3
CDX009,1,2,2,optimal,sub-09,163,orange-yellow_sc0,orange-yellow,0.8,same,0,0.6374,1
CDX009,1,2,2,optimal,sub-09,164,yellow-purple_sc1,yellow-purple,0.12,different,1,0.4574,2
CDX009,1,2,2,optimal,sub-09,165,yellow-green_sc0,yellow-green,0.05,different,1,0.8649,2
CDX009,1,2,2,optimal,sub-09,166,red-orange_sc1,red-orange,0.06,different,1,0.5974,2
CDX009,1,2,2,optimal,sub-09,167,green-blue_sc0,green-blue,0.08,different,1,0.6801,4
CDX009,1,2,2,optimal,sub-09,168,red-cyan_sc1,red-cyan,0.03,same,0,0.5632,3
CDX009,1,2,2,optimal,sub-09,169,cyan-magenta_sc0,cyan-magenta,0.0,different,1,0.7617,4
CDX009,1,2,2,optimal,sub-09,170,yellow-green_sc1,yellow-green,0.27,different,1,0.5177,2
CDX009,1,2,2,optimal,sub-09,171,yellow-green_sc1,yellow-green,0.24,different,1,0.4799,2
CDX009,1,2,2,optimal,sub-09,172,red-orange_sc0,red-orange,0.09,different,1,0.533,4
CDX009,1,2,2,optimal,sub-09,173,yellow-green_sc0,yellow-green,0.02,different,1,0.489,2
CDX009,1,2,2,optimal,sub-09,174,orange-yellow_sc1,orange-yellow,0.23,different,1,0.8673,6
CDX009,1,2,2,optimal,sub-09,175,yellow-purple_sc1,yellow-purple,0.09,different,1,0.4577,2
CDX009,1,2,2,optimal,sub-09,176,red-orange_sc0,red-orange,0.06,different,1,0.7559,4
CDX009,1,2,2,optimal,sub-09,177,red-cyan_sc1,red-cyan,0.0,different,1,0.5577,4
CDX009,1,2,2,optimal,sub-09,178,green-blue_sc1,green-blue,0.11,same,0,0.4892,3
CDX009,1,2,2,optimal,sub-09,179,blue-purple_sc0,blue-purple,0.2,same,0,0.723,3
CDX009,1,2,2,optimal,sub-09,180,cyan-magenta_sc0,cyan-magenta,0.03,same,0,0.6365,5
CDX009,1,2,2,optimal,sub-09,181,red-orange_sc0,red-orange,0.03,different,1,0.6716,4
CDX009,1,2,2,optimal,sub-09,182,green-blue_sc0,green-blue,0.11,same,0,0.8186,5
CDX009,1,2,2,optimal,sub-09,183,green-blue_sc0,green-blue,0.14,same,0,0.7185,5
CDX009,1,2,2,optimal,sub-09,184,green-blue_sc0,green-blue,0.11,different,1,0.7559,6
CDX009,1,2,2,optimal,sub-09,185,yellow-green_sc1,yellow-green,0.21,different,1,0.5584,2
CDX009,1,2,2,optimal,sub-09,186,green-blue_sc0,green-blue,0.14,same,0,0.7827,7
CDX009,1,2,2,optimal,sub-09,187,cyan-magenta_sc1,cyan-magenta,0.03,same,0,0.6377,5
CDX009,1,2,2,optimal,sub-09,188,yellow-purple_sc1,yellow-purple,0.06,different,1,0.4844,2
CDX009,1,2,2,optimal,sub-09,189,yellow-purple_sc0,yellow-purple,0.15,same,0,1.0583,1
CDX009,1,2,2,optimal,sub-09,190,red-cyan_sc1,red-cyan,0.03,same,0,0.5904,5
CDX009,1,2,2,optimal,sub-09,191,yellow-purple_sc0,yellow-purple,0.12,different,1,0.4204,2
CDX009,1,2,2,optimal,sub-09,192,blue-purple_sc1,blue-purple,0.11,same,0,0.6893,7
CDX009,1,2,2,optimal,sub-09,193,yellow-green_sc1,yellow-green,0.18,different,1,0.5004,2
CDX009,1,2,2,optimal,sub-09,194,cyan-magenta_sc1,cyan-magenta,0.06,same,0,0.9767,5
CDX009,1,2,2,optimal,sub-09,195,green-blue_sc0,green-blue,0.11,different,1,0.6674,8
CDX009,1,2,2,optimal,sub-09,196,yellow-green_sc1,yellow-green,0.15,different,1,0.4947,2
CDX009,1,2,2,optimal,sub-09,197,green-blue_sc1,green-blue,0.08,different,1,0.6291,4
CDX009,1,2,2,optimal,sub-09,198,yellow-green_sc1,yellow-green,0.12,different,1,0.6496,2
CDX009,1,2,2,optimal,sub-09,199,yellow-purple_sc0,yellow-purple,0.09,different,1,0.522,2
CDX009,1,2,2,optimal,sub-09,200,yellow-purple_sc1,yellow-purple,0.03,different,1,0.516,2
CDX009,1,2,2,optimal,sub-09,201,green-blue_sc1,green-blue,0.11,same,0,0.9893,5
CDX009,1,2,2,optimal,sub-09,202,green-blue_sc0,green-blue,0.14,same,0,0.5891,9
CDX009,1,2,2,optimal,sub-09,203,yellow-purple_sc0,yellow-purple,0.06,different,1,0.485,2
CDX009,1,2,2,optimal,sub-09,204,orange-yellow_sc0,orange-yellow,0.77,different,1,0.5832,2
CDX009,1,2,2,optimal,sub-09,205,yellow-purple_sc1,yellow-purple,0.0,different,1,0.4834,2
CDX009,1,2,2,optimal,sub-09,206,yellow-purple_sc1,yellow-purple,0.03,same,0,0.8604,3
CDX009,1,2,2,optimal,sub-09,207,yellow-purple_sc1,yellow-purple,0.0,different,1,0.7618,4
CDX009,1,2,2,optimal,sub-09,208,red-cyan_sc0,red-cyan,0.0,different,1,1.7526,4
CDX009,1,2,2,optimal,sub-09,209,yellow-purple_sc1,yellow-purple,0.03,same,0,1.0417,5
CDX009,1,2,2,optimal,sub-09,210,cyan-magenta_sc1,cyan-magenta,0.03,different,1,0.5375,6
CDX009,1,2,2,optimal,sub-09,211,red-cyan_sc1,red-cyan,0.0,different,1,0.6014,6
CDX009,1,2,2,optimal,sub-09,212,cyan-magenta_sc1,cyan-magenta,0.0,different,1,0.5442,6
CDX009,1,2,2,optimal,sub-09,213,blue-purple_sc0,blue-purple,0.17,different,1,0.5176,4
CDX009,1,2,2,optimal,sub-09,214,yellow-green_sc0,yellow-green,0.0,different,1,0.614,2
CDX009,1,2,2,optimal,sub-09,215,blue-purple_sc1,blue-purple,0.14,same,0,0.5136,7
CDX009,1,2,2,optimal,sub-09,216,yellow-green_sc1,yellow-green,0.09,different,1,0.6926,2
CDX009,1,2,2,optimal,sub-09,217,blue-purple_sc0,blue-purple,0.14,different,1,0.5408,4
CDX009,1,2,2,optimal,sub-09,218,orange-yellow_sc1,orange-yellow,0.2,different,1,0.5997,6
CDX009,1,2,2,optimal,sub-09,219,yellow-green_sc1,yellow-green,0.06,different,1,0.4585,2
CDX009,1,2,2,optimal,sub-09,220,yellow-green_sc1,yellow-green,0.03,different,1,0.471,2
CDX009,1,2,2,optimal,sub-09,221,cyan-magenta_sc0,cyan-magenta,0.0,different,1,0.5788,6
CDX009,1,2,2,optimal,sub-09,222,yellow-green_sc1,yellow-green,0.06,same,0,0.5478,3
CDX009,1,2,2,optimal,sub-09,223,orange-yellow_sc0,orange-yellow,0.74,different,1,0.669,2
CDX009,1,2,2,optimal,sub-09,224,red-cyan_sc0,red-cyan,0.03,same,0,0.6903,5
CDX009,1,2,2,optimal,sub-09,225,yellow-green_sc0,yellow-green,0.03,same,0,0.6589,3
CDX009,1,2,2,optimal,sub-09,226,red-cyan_sc1,red-cyan,0.03,same,0,0.6579,7
CDX009,1,2,2,optimal,sub-09,227,green-blue_sc1,green-blue,0.08,different,1,0.7908,6
CDX009,1,2,2,optimal,sub-09,228,yellow-green_sc1,yellow-green,0.09,same,0,0.6158,3
CDX009,1,2,2,optimal,sub-09,229,red-orange_sc1,red-orange,0.03,different,1,0.5414,2
CDX009,1,2,2,optimal,sub-09,230,cyan-magenta_sc0,cyan-magenta,0.03,same,0,0.7371,7
CDX009,1,2,2,optimal,sub-09,231,orange-yellow_sc1,orange-yellow,0.17,different,1,0.7434,6
CDX009,1,2,2,optimal,sub-09,232,blue-purple_sc1,blue-purple,0.11,different,1,0.6219,8
CDX009,1,2,2,optimal,sub-09,233,orange-yellow_sc0,orange-yellow,0.71,different,1,0.6927,2
CDX009,1,2,2,optimal,sub-09,234,yellow-green_sc0,yellow-green,0.0,different,1,0.4526,4
CDX009,1,2,2,optimal,sub-09,235,red-cyan_sc1,red-cyan,0.0,different,1,0.5823,8
CDX009,1,2,2,optimal,sub-09,236,yellow-green_sc1,yellow-green,0.06,different,1,0.7837,4
CDX009,1,2,2,optimal,sub-09,237,cyan-magenta_sc0,cyan-magenta,0.0,different,1,0.572,8
CDX009,1,2,2,optimal,sub-09,238,blue-purple_sc1,blue-purple,0.08,different,1,0.5834,8
CDX009,1,2,2,optimal,sub-09,239,red-orange_sc1,red-orange,0.0,different,1,0.5542,2
CDX009,1,2,2,optimal,sub-09,240,blue-purple_sc0,blue-purple,0.17,same,0,0.6204,5
CDX009,1,2,2,optimal,sub-09,241,red-orange_sc0,red-orange,0.0,different,1,0.5382,4
CDX009,1,2,2,optimal,sub-09,242,red-orange_sc1,red-orange,0.03,same,0,0.7316,3
CDX009,1,2,2,optimal,sub-09,243,green-blue_sc1,green-blue,0.05,different,1,0.5342,6
CDX009,1,2,2,optimal,sub-09,244,blue-purple_sc0,blue-purple,0.14,different,1,0.6395,6
CDX009,1,2,2,optimal,sub-09,245,yellow-green_sc0,yellow-green,0.0,different,1,0.4963,4
CDX009,1,2,2,optimal,sub-09,246,green-blue_sc1,green-blue,0.02,different,1,0.5385,6
CDX009,1,2,2,optimal,sub-09,247,blue-purple_sc1,blue-purple,0.05,different,1,0.5761,8
CDX009,1,2,2,optimal,sub-09,248,red-orange_sc0,red-orange,0.0,different,1,0.5609,4
CDX009,1,2,2,optimal,sub-09,249,blue-purple_sc0,blue-purple,0.17,same,0,0.5275,7
CDX009,1,2,2,optimal,sub-09,250,red-orange_sc1,red-orange,0.06,same,0,0.5912,3
CDX009,1,2,2,optimal,sub-09,251,yellow-green_sc1,yellow-green,0.03,different,1,0.5943,4
CDX009,1,2,2,optimal,sub-09,252,red-cyan_sc0,red-cyan,0.0,different,1,0.5709,6
CDX009,1,2,2,optimal,sub-09,253,cyan-magenta_sc1,cyan-magenta,0.03,same,0,0.7443,7
CDX009,1,2,2,optimal,sub-09,254,blue-purple_sc0,blue-purple,0.14,different,1,0.5503,8
CDX009,1,2,2,optimal,sub-09,255,cyan-magenta_sc0,cyan-magenta,0.03,same,0,0.6779,9
CDX009,1,2,2,optimal,sub-09,256,red-cyan_sc1,red-cyan,0.03,same,0,0.63,9
CDX009,1,2,2,optimal,sub-09,257,yellow-purple_sc0,yellow-purple,0.03,different,1,0.4985,2
CDX009,1,2,2,optimal,sub-09,258,cyan-magenta_sc1,cyan-magenta,0.0,different,1,0.815,8
CDX009,1,2,2,optimal,sub-09,259,orange-yellow_sc1,orange-yellow,0.14,different,1,0.6276,6
CDX009,1,2,2,optimal,sub-09,260,yellow-purple_sc1,yellow-purple,0.0,different,1,0.9199,6
CDX009,1,2,2,optimal,sub-09,261,red-cyan_sc1,red-cyan,0.06,same,0,0.6013,9
CDX009,1,2,2,optimal,sub-09,262,red-cyan_sc0,red-cyan,0.03,same,0,0.648,7
CDX009,1,2,2,optimal,sub-09,263,blue-purple_sc1,blue-purple,0.08,same,0,0.7864,9
CDX009,1,2,2,optimal,sub-09,264,yellow-green_sc0,yellow-green,0.0,different,1,0.5627,4
CDX009,1,2,2,optimal,sub-09,265,yellow-green_sc0,yellow-green,0.03,same,0,0.5575,5
CDX009,1,2,2,optimal,sub-09,266,red-orange_sc1,red-orange,0.09,same,0,0.5478,3
CDX009,1,2,2,optimal,sub-09,267,blue-purple_sc1,blue-purple,0.11,same,0,0.7649,9
CDX009,1,2,2,optimal,sub-09,268,green-blue_sc1,green-blue,0.05,same,0,0.6375,7
CDX009,1,2,2,optimal,sub-09,269,orange-yellow_sc0,orange-yellow,0.68,different,1,0.8711,2
CDX009,1,2,2,optimal,sub-09,270,yellow-purple_sc1,yellow-purple,0.0,different,1,0.6433,6
CDX009,1,2,2,optimal,sub-09,271,blue-purple_sc0,blue-purple,0.17,same,0,0.6082,9
CDX009,1,2,2,optimal,sub-09,272,blue-purple_sc0,blue-purple,0.14,different,1,0.6588,10
CDX009,1,2,2,optimal,sub-09,273,yellow-green_sc1,yellow-green,0.06,same,0,0.8671,5
CDX009,1,2,2,optimal,sub-09,274,yellow-purple_sc0,yellow-purple,0.0,different,1,0.5988,2
CDX009,1,2,2,optimal,sub-09,275,red-cyan_sc0,red-cyan,0.06,same,0,0.7223,7
CDX009,1,2,2,optimal,sub-09,276,blue-purple_sc1,blue-purple,0.14,same,0,0.82,9
CDX009,1,2,2,optimal,sub-09,277,yellow-purple_sc1,yellow-purple,0.03,same,0,0.6939,7
CDX009,1,2,2,optimal,sub-09,278,red-cyan_sc1,red-cyan,0.03,different,1,0.644,10
CDX009,1,2,2,optimal,sub-09,279,red-orange_sc0,red-orange,0.03,same,0,1.0332,5
CDX009,1,2,2,optimal,sub-09,280,cyan-magenta_sc1,cyan-magenta,0.03,same,0,0.6825,9
CDX009,1,2,2,optimal,sub-09,281,red-orange_sc1,red-orange,0.06,different,1,0.5612,4
CDX009,1,2,2,optimal,sub-09,282,cyan-magenta_sc1,cyan-magenta,0.06,same,0,0.5318,9
CDX009,1,2,2,optimal,sub-09,283,green-blue_sc1,green-blue,0.08,same,0,0.6229,7
CDX009,1,2,2,optimal,sub-09,284,yellow-purple_sc0,yellow-purple,0.03,same,0,0.6035,3
CDX009,1,2,2,optimal,sub-09,285,red-cyan_sc0,red-cyan,0.03,different,1,0.5976,8
CDX009,1,2,2,optimal,sub-09,286,red-orange_sc0,red-orange,0.06,same,0,0.8488,5
CDX009,1,2,2,optimal,sub-09,287,yellow-purple_sc0,yellow-purple,0.0,different,1,0.7995,4
CDX009,1,2,2,optimal,sub-09,288,red-orange_sc0,red-orange,0.09,same,0,0.6442,5
CDX009,1,2,2,optimal,sub-09,289,blue-purple_sc0,blue-purple,0.17,same,0,0.7497,11
CDX009,1,2,2,optimal,sub-09,290,yellow-purple_sc1,yellow-purple,0.0,different,1,0.6726,8
CDX009,1,2,2,optimal,sub-09,291,yellow-green_sc1,yellow-green,0.09,same,0,0.5167,5
CDX009,1,2,2,optimal,sub-09,292,yellow-green_sc1,yellow-green,0.06,different,1,0.901,6
CDX009,1,2,2,optimal,sub-09,293,red-cyan_sc1,red-cyan,0.06,same,0,0.7836,11
CDX009,1,2,2,optimal,sub-09,294,yellow-green_sc0,yellow-green,0.06,same,0,0.6112,5
CDX009,1,2,2,optimal,sub-09,295,green-blue_sc1,green-blue,0.11,same,0,0.6362,7
CDX009,1,2,2,optimal,sub-09,296,yellow-green_sc0,yellow-green,0.09,same,0,0.7958,5
CDX009,1,2,2,optimal,sub-09,297,orange-yellow_sc1,orange-yellow,0.17,same,0,0.6782,7
CDX009,1,2,2,optimal,sub-09,298,yellow-purple_sc0,yellow-purple,0.03,same,0,0.8198,5
CDX009,1,2,2,optimal,sub-09,299,yellow-green_sc1,yellow-green,0.03,different,1,1.0654,6
CDX009,1,2,2,optimal,sub-09,300,orange-yellow_sc0,orange-yellow,0.71,same,0,1.0831,3
CDX009,1,2,2,optimal,sub-09,301,blue-purple_sc0,blue-purple,0.14,different,1,0.6606,12
CDX009,1,2,2,optimal,sub-09,302,yellow-green_sc0,yellow-green,0.12,same,0,0.6661,5
CDX009,1,2,2,optimal,sub-09,303,red-orange_sc1,red-orange,0.03,different,1,0.7516,4
CDX009,1,2,2,optimal,sub-09,304,green-blue_sc1,green-blue,0.14,same,0,1.1132,7
CDX009,1,2,2,optimal,sub-09,305,yellow-green_sc0,yellow-green,0.09,different,1,0.834,6
CDX009,1,2,2,optimal,sub-09,306,blue-purple_sc0,blue-purple,0.11,different,1,1.0817,12
CDX009,1,2,2,optimal,sub-09,307,orange-yellow_sc1,orange-yellow,0.14,different,1,0.9092,8
CDX009,1,2,2,optimal,sub-09,308,blue-purple_sc0,blue-purple,0.14,same,0,0.5349,13
CDX009,1,2,2,optimal,sub-09,309,green-blue_sc1,green-blue,0.11,different,1,0.7465,8
CDX009,1,2,2,optimal,sub-09,310,yellow-green_sc1,yellow-green,0.06,same,0,0.613,7
CDX009,1,2,2,optimal,sub-09,311,yellow-purple_sc1,yellow-purple,0.03,same,0,0.7467,9
CDX009,1,2,2,optimal,sub-09,312,yellow-purple_sc0,yellow-purple,0.0,different,1,0.5999,6
CDX009,1,2,2,optimal,sub-09,313,orange-yellow_sc0,orange-yellow,0.74,same,0,1.3099,3
CDX009,1,2,2,optimal,sub-09,314,red-orange_sc0,red-orange,0.06,different,1,0.6003,6
CDX009,1,2,2,optimal,sub-09,315,orange-yellow_sc1,orange-yellow,0.17,same,0,0.7326,9
CDX009,1,2,2,optimal,sub-09,316,red-orange_sc1,red-orange,0.06,same,0,0.7659,5
CDX009,1,2,2,optimal,sub-09,317,yellow-green_sc1,yellow-green,0.09,same,0,0.6167,7
CDX009,1,2,2,optimal,sub-09,318,red-orange_sc0,red-orange,0.09,same,0,0.5898,7
CDX009,1,2,2,optimal,sub-09,319,red-orange_sc1,red-orange,0.03,different,1,0.7944,6
CDX009,1,2,2,optimal,sub-09,320,red-orange_sc0,red-orange,0.06,different,1,0.8421,8
CDX009,1,2,2,optimal,sub-09,321,yellow-green_sc0,yellow-green,0.06,different,1,0.7599,6
CDX009,1,2,2,optimal,sub-09,322,orange-yellow_sc0,orange-yellow,0.71,different,1,0.8544,4
CDX009,1,2,2,optimal,sub-09,323,orange-yellow_sc1,orange-yellow,0.2,same,0,0.5142,9
CDX009,1,2,2,optimal,sub-09,324,yellow-purple_sc1,yellow-purple,0.0,different,1,0.6291,10
CDX009,1,2,2,optimal,sub-09,325,yellow-purple_sc1,yellow-purple,0.0,different,1,0.6472,10
CDX009,1,2,2,optimal,sub-09,326,yellow-green_sc1,yellow-green,0.12,same,0,0.9583,7
CDX009,1,2,2,optimal,sub-09,327,orange-yellow_sc0,orange-yellow,0.68,different,1,0.6152,4
CDX009,1,2,2,optimal,sub-09,328,red-orange_sc1,red-orange,0.06,same,0,0.6251,7
CDX009,1,2,2,optimal,sub-09,329,yellow-green_sc0,yellow-green,0.09,same,0,0.689,7
CDX009,1,2,2,optimal,sub-09,330,red-orange_sc1,red-orange,0.09,same,0,0.7161,7
CDX009,1,2,2,optimal,sub-09,331,yellow-green_sc1,yellow-green,0.09,different,1,0.6292,8
CDX009,1,2,2,optimal,sub-09,332,orange-yellow_sc0,orange-yellow,0.71,same,0,0.763,5
CDX009,1,2,2,optimal,sub-09,333,red-orange_sc1,red-orange,0.12,same,0,0.629,7
CDX009,1,2,2,optimal,sub-09,334,orange-yellow_sc0,orange-yellow,0.74,same,0,1.1011,5
CDX009,1,2,2,optimal,sub-09,335,yellow-green_sc0,yellow-green,0.12,same,0,0.7539,7
CDX009,1,2,2,optimal,sub-09,336,yellow-green_sc0,yellow-green,0.09,different,1,0.5975,8
CDX009,1,2,2,optimal,sub-09,337,yellow-purple_sc0,yellow-purple,0.03,same,0,0.9647,7
CDX009,1,2,2,optimal,sub-09,338,yellow-purple_sc0,yellow-purple,0.0,different,1,0.5998,8
CDX009,1,2,2,optimal,sub-09,339,red-orange_sc1,red-orange,0.09,different,1,1.1135,8
CDX009,1,2,2,optimal,sub-09,340,yellow-purple_sc0,yellow-purple,0.0,different,1,0.7018,8
CDX009,1,2,2,optimal,sub-09,341,orange-yellow_sc0,orange-yellow,0.77,same,0,1.1196,5
CDX009,1,2,2,optimal,sub-09,342,orange-yellow_sc0,orange-yellow,0.8,same,0,0.7548,5
CDX009,1,2,2,optimal,sub-09,343,orange-yellow_sc0,orange-yellow,0.77,different,1,0.5438,6
CDX009,1,2,2,optimal,sub-09,344,orange-yellow_sc0,orange-yellow,0.74,different,1,0.6065,6
CDX009,1,2,2,optimal,sub-09,345,orange-yellow_sc0,orange-yellow,0.71,different,1,0.6637,6
CDX009,1,2,2,optimal,sub-09,346,orange-yellow_sc0,orange-yellow,0.68,different,1,0.6089,6
CDX009,1,2,2,optimal,sub-09,347,orange-yellow_sc0,orange-yellow,0.65,different,1,0.6324,6
CDX009,1,2,2,optimal,sub-09,348,orange-yellow_sc0,orange-yellow,0.68,same,0,1.3795,7
CDX009,1,2,2,optimal,sub-09,349,orange-yellow_sc0,orange-yellow,0.71,same,0,0.7255,7
CDX009,1,2,2,optimal,sub-09,350,orange-yellow_sc0,orange-yellow,0.74,same,0,0.9138,7
CDX009,1,2,2,optimal,sub-09,351,orange-yellow_sc0,orange-yellow,0.71,different,1,1.6691,8
